Workbook

Sheet Dashboard
B4: Report Range: | G4: Report Year: | H4: =TEXT(B6,"[$-409]MMMM JJJJ") -> February 2026
B5: From | C5: To
B6: 01.02.2026 | C6: 28.02.2026
B10: System availability
B11: Year | C11: 2025 | M11: 2026
B12: Month | C12: Mrz | D12: Apr | E12: Mai | F12: Jun | G12: Jul | H12: Aug | I12: Sep | J12: Okt | K12: Nov | L12: Dez | M12: Jan | N12: Feb
B13: System 1 | C13: =System_Availability!E8 -> 1 | D13: =System_Availability!F8 -> 0.95519713 | E13: =System_Availability!G8 -> 1 | F13: =System_Availability!H8 -> 1 | G13: =System_Availability!I8 -> 1 | H13: =System_Availability!J8 -> 1 | I13: =System_Availability!K8 -> 1 | J13: =System_Availability!L8 -> 1 | ... N13: =System_Availability!P8 -> 1
B14: System 2 | C14: =System_Availability!E12 -> 1 | D14: =System_Availability!F12 -> 1 | E14: =System_Availability!G12 -> 1 | F14: =System_Availability!H12 -> 1 | G14: =System_Availability!I12 -> 1 | H14: =System_Availability!J12 -> 1 | I14: =System_Availability!K12 -> 1 | J14: =System_Availability!L12 -> 1 | ... N14: =System_Availability!P12 -> 1
B15: Acc. time Sys.1 | C15: =System_Availability!D18 -> 2 | D15: =System_Availability!E18 -> 7.43 | E15: =System_Availability!F18 -> 0.53 | F15: =System_Availability!G18 -> 0.53 | G15: =System_Availability!H18 -> 0.53 | H15: =System_Availability!I18 -> 0.53 | I15: =System_Availability!J18 -> 0.53 | J15: =System_Availability!K18 -> 0.53 | ... N15: =System_Availability!O18 -> 0.53
B16: #################################################################################
B17: Count & Size
B18: Year | C18: 2025 | M18: 2026
B19: Month | C19: Mrz | D19: Apr | E19: Mai | F19: Jun | G19: Jul | H19: Aug | I19: Sep | J19: Okt | K19: Nov | L19: Dez | M19: Jan | N19: Feb
B20: Count | C20: =Count_Size!E9 -> 83 | D20: =Count_Size!F9 -> 164 | E20: =Count_Size!G9 -> 178 | F20: =Count_Size!H9 -> 317 | G20: =Count_Size!I9 -> 559 | H20: =Count_Size!J9 -> 1042 | I20: =Count_Size!K9 -> 1475 | J20: =Count_Size!L9 -> 1771 | ... N20: =Count_Size!P9 -> 2021
B21: Size | C21: =Count_Size!E11 -> 20 | D21: =Count_Size!F11 -> 50 | E21: =Count_Size!G11 -> 52.5 | F21: =Count_Size!H11 -> 102.3 | G21: =Count_Size!I11 -> 214.3 | H21: =Count_Size!J11 -> 450.32 | I21: =Count_Size!K11 -> 602.41 | J21: =Count_Size!L11 -> 1406.35 | ... N21: =Count_Size!P11 -> 2155

Sheet System_Availability
B3: System Availability
B6: Year | C6: 2025 | O6: 2026
B7: Month | C7: 1 | D7: 2 | E7: 3 | F7: 4 | G7: 5 | H7: 6 | I7: 7 | J7: 8 | K7: 9 | L7: 10 | M7: 11 | N7: 12 | O7: 1 | P7: 2
B8: Sys1 av. In % | C8: =(C9-C10)/C9 -> 0.97043011 | D8: =(D9-D10)/D9 -> 1 | E8: =(E9-E10)/E9 -> 1 | F8: =(F9-F10)/F9 -> 0.95519713 | G8: =(G9-G10)/G9 -> 1 | H8: =(H9-H10)/H9 -> 1 | I8: =(I9-I10)/I9 -> 1 | J8: =(J9-J10)/J9 -> 1 | ... P8: =(P9-P10)/P9 -> 1
B9: Target | C9: 44640 | D9: 44640 | E9: 44640 | F9: 44640 | G9: 44640 | H9: 44640 | I9: 44640 | J9: 44640 | K9: 44640 | L9: 44640 | M9: 44640 | N9: 44640 | O9: 44640 | P9: 44640
B10: Downtime Sys 1 | C10: 1320 | D10: 0 | E10: 0 | F10: 2000 | G10: 0 | H10: 0 | I10: 0 | J10: 0 | K10: 0 | L10: 0 | M10: 0 | N10: 0 | O10: 0 | P10: 0
B12: Sys2 av. In % | C12: =(C13-C14)/C13 -> 1 | D12: =(D13-D14)/D13 -> 1 | E12: =(E13-E14)/E13 -> 1 | F12: =(F13-F14)/F13 -> 1 | G12: =(G13-G14)/G13 -> 1 | H12: =(H13-H14)/H13 -> 1 | I12: =(I13-I14)/I13 -> 1 | J12: =(J13-J14)/J13 -> 1 | ... O12: =(O13-O14)/O13 -> 1 | P12: =(O13-O14)/O13 -> 1
B13: Target | C13: 44640 | D13: 44640 | E13: 44640 | F13: 44640 | G13: 44640 | H13: 44640 | I13: 44640 | J13: 44640 | K13: 44640 | L13: 44640 | M13: 44640 | N13: 44640 | O13: 44640 | P13: 44640
B14: Downtime Sys 2 | C14: 0 | D14: 0 | E14: 0 | F14: 0 | G14: 0 | H14: 0 | I14: 0 | J14: 0 | K14: 0 | L14: 0 | M14: 0 | N14: 0 | O14: 0 | P14: 0
B17: System access time
B18: Sys1 | C18: 1.5 | D18: 2 | E18: 7.43 | F18: 0.53 | G18: 0.53 | H18: 0.53 | I18: 0.53 | J18: 0.53 | K18: 0.53 | L18: 0.53 | M18: 0.53 | N18: 0.53 | O18: 0.53 | P18: 0.53

Sheet Count_Size
B3: Count & Size
B5: Year | C5: 2025 | O5: 2026
B6: Month | C6: 1 | D6: 2 | E6: 3 | F6: 4 | G6: 5 | H6: 6 | I6: 7 | J6: 8 | K6: 9 | L6: 10 | M6: 11 | N6: 12 | O6: 1 | P6: 2
B7: document count | C7: 10 | D7: 48 | E7: 78 | F7: 154 | G7: 163 | H7: 300 | I7: 542 | J7: 1025 | K7: 1457 | L7: 1752 | M7: 1888 | N7: 1954 | O7: 2001 | P7: 2132
B8: tenant count | C8: 1 | D8: 3 | E8: 5 | F8: 10 | G8: 15 | H8: 17 | I8: 17 | J8: 17 | K8: 18 | L8: 19 | M8: 20 | N8: 20 | O8: 20 | P8: 23
B9: sum count | C9: =SUM(C7:C8) -> 11 | D9: =SUM(D7:D8) -> 51 | E9: =SUM(E7:E8) -> 83 | F9: =SUM(F7:F8) -> 164 | G9: =SUM(G7:G8) -> 178 | H9: =SUM(H7:H8) -> 317 | I9: =SUM(I7:I8) -> 559 | J9: =SUM(J7:J8) -> 1042 | ... O9: =SUM(O7:O8) -> 2021 | P9: =SUM(O7:O8) -> 2021
B11: storage | C11: 2 | D11: 10 | E11: 20 | F11: 50 | G11: 52.5 | H11: 102.3 | I11: 214.3 | J11: 450.32 | K11: 602.41 | L11: 1406.35 | M11: 1602.54 | N11: 1725.36 | O11: 2014.65 | P11: =SUM(P7:P8) -> 2155
